t-12,t,t-11,t-10,t-9,t-8,t-7,t-6,t-5,t-4,t-3,t-2,t-1
2350.0,-694.0,616.0,-2248.0,2563.0,4982.0,2529.0,-967.0,-792.0,-151.0,-3071.0,-4533.0,-10532.0
616.0,-6473.0,-2248.0,2563.0,4982.0,2529.0,-967.0,-792.0,-151.0,-3071.0,-4533.0,-10532.0,-694.0
-2248.0,2210.0,2563.0,4982.0,2529.0,-967.0,-792.0,-151.0,-3071.0,-4533.0,-10532.0,-694.0,-6473.0
2563.0,59.0,4982.0,2529.0,-967.0,-792.0,-151.0,-3071.0,-4533.0,-10532.0,-694.0,-6473.0,2210.0
4982.0,-2014.0,2529.0,-967.0,-792.0,-151.0,-3071.0,-4533.0,-10532.0,-694.0,-6473.0,2210.0,59.0
2529.0,1303.0,-967.0,-792.0,-151.0,-3071.0,-4533.0,-10532.0,-694.0,-6473.0,2210.0,59.0,-2014.0
-967.0,8371.0,-792.0,-151.0,-3071.0,-4533.0,-10532.0,-694.0,-6473.0,2210.0,59.0,-2014.0,1303.0
-792.0,-598.0,-151.0,-3071.0,-4533.0,-10532.0,-694.0,-6473.0,2210.0,59.0,-2014.0,1303.0,8371.0
-151.0,-2048.0,-3071.0,-4533.0,-10532.0,-694.0,-6473.0,2210.0,59.0,-2014.0,1303.0,8371.0,-598.0
-3071.0,7197.0,-4533.0,-10532.0,-694.0,-6473.0,2210.0,59.0,-2014.0,1303.0,8371.0,-598.0,-2048.0
-4533.0,8839.0,-10532.0,-694.0,-6473.0,2210.0,59.0,-2014.0,1303.0,8371.0,-598.0,-2048.0,7197.0
-10532.0,7925.0,-694.0,-6473.0,2210.0,59.0,-2014.0,1303.0,8371.0,-598.0,-2048.0,7197.0,8839.0
-694.0,217.0,-6473.0,2210.0,59.0,-2014.0,1303.0,8371.0,-598.0,-2048.0,7197.0,8839.0,7925.0
-6473.0,9268.0,2210.0,59.0,-2014.0,1303.0,8371.0,-598.0,-2048.0,7197.0,8839.0,7925.0,217.0
2210.0,1555.0,59.0,-2014.0,1303.0,8371.0,-598.0,-2048.0,7197.0,8839.0,7925.0,217.0,9268.0
59.0,3767.0,-2014.0,1303.0,8371.0,-598.0,-2048.0,7197.0,8839.0,7925.0,217.0,9268.0,1555.0
-2014.0,1544.0,1303.0,8371.0,-598.0,-2048.0,7197.0,8839.0,7925.0,217.0,9268.0,1555.0,3767.0
1303.0,-5965.0,8371.0,-598.0,-2048.0,7197.0,8839.0,7925.0,217.0,9268.0,1555.0,3767.0,1544.0
8371.0,-3843.0,-598.0,-2048.0,7197.0,8839.0,7925.0,217.0,9268.0,1555.0,3767.0,1544.0,-5965.0
-598.0,4023.0,-2048.0,7197.0,8839.0,7925.0,217.0,9268.0,1555.0,3767.0,1544.0,-5965.0,-3843.0
-2048.0,2473.0,7197.0,8839.0,7925.0,217.0,9268.0,1555.0,3767.0,1544.0,-5965.0,-3843.0,4023.0
7197.0,267.0,8839.0,7925.0,217.0,9268.0,1555.0,3767.0,1544.0,-5965.0,-3843.0,4023.0,2473.0
8839.0,-7885.0,7925.0,217.0,9268.0,1555.0,3767.0,1544.0,-5965.0,-3843.0,4023.0,2473.0,267.0
7925.0,-1484.0,217.0,9268.0,1555.0,3767.0,1544.0,-5965.0,-3843.0,4023.0,2473.0,267.0,-7885.0
217.0,-8266.0,9268.0,1555.0,3767.0,1544.0,-5965.0,-3843.0,4023.0,2473.0,267.0,-7885.0,-1484.0
9268.0,-6261.0,1555.0,3767.0,1544.0,-5965.0,-3843.0,4023.0,2473.0,267.0,-7885.0,-1484.0,-8266.0
1555.0,489.0,3767.0,1544.0,-5965.0,-3843.0,4023.0,2473.0,267.0,-7885.0,-1484.0,-8266.0,-6261.0
3767.0,-2287.0,1544.0,-5965.0,-3843.0,4023.0,2473.0,267.0,-7885.0,-1484.0,-8266.0,-6261.0,489.0
1544.0,-825.0,-5965.0,-3843.0,4023.0,2473.0,267.0,-7885.0,-1484.0,-8266.0,-6261.0,489.0,-2287.0
-5965.0,3682.0,-3843.0,4023.0,2473.0,267.0,-7885.0,-1484.0,-8266.0,-6261.0,489.0,-2287.0,-825.0
-3843.0,-3482.0,4023.0,2473.0,267.0,-7885.0,-1484.0,-8266.0,-6261.0,489.0,-2287.0,-825.0,3682.0
4023.0,-938.0,2473.0,267.0,-7885.0,-1484.0,-8266.0,-6261.0,489.0,-2287.0,-825.0,3682.0,-3482.0
2473.0,2445.0,267.0,-7885.0,-1484.0,-8266.0,-6261.0,489.0,-2287.0,-825.0,3682.0,-3482.0,-938.0
267.0,-519.0,-7885.0,-1484.0,-8266.0,-6261.0,489.0,-2287.0,-825.0,3682.0,-3482.0,-938.0,2445.0
-7885.0,2754.0,-1484.0,-8266.0,-6261.0,489.0,-2287.0,-825.0,3682.0,-3482.0,-938.0,2445.0,-519.0
-1484.0,-9453.0,-8266.0,-6261.0,489.0,-2287.0,-825.0,3682.0,-3482.0,-938.0,2445.0,-519.0,2754.0
-8266.0,-860.0,-6261.0,489.0,-2287.0,-825.0,3682.0,-3482.0,-938.0,2445.0,-519.0,2754.0,-9453.0
-6261.0,-141.0,489.0,-2287.0,-825.0,3682.0,-3482.0,-938.0,2445.0,-519.0,2754.0,-9453.0,-860.0
489.0,-2484.0,-2287.0,-825.0,3682.0,-3482.0,-938.0,2445.0,-519.0,2754.0,-9453.0,-860.0,-141.0
-2287.0,2519.0,-825.0,3682.0,-3482.0,-938.0,2445.0,-519.0,2754.0,-9453.0,-860.0,-141.0,-2484.0
-825.0,2938.0,3682.0,-3482.0,-938.0,2445.0,-519.0,2754.0,-9453.0,-860.0,-141.0,-2484.0,2519.0
3682.0,1978.0,-3482.0,-938.0,2445.0,-519.0,2754.0,-9453.0,-860.0,-141.0,-2484.0,2519.0,2938.0
-3482.0,7314.0,-938.0,2445.0,-519.0,2754.0,-9453.0,-860.0,-141.0,-2484.0,2519.0,2938.0,1978.0
-938.0,4104.0,2445.0,-519.0,2754.0,-9453.0,-860.0,-141.0,-2484.0,2519.0,2938.0,1978.0,7314.0
2445.0,-612.0,-519.0,2754.0,-9453.0,-860.0,-141.0,-2484.0,2519.0,2938.0,1978.0,7314.0,4104.0
-519.0,-3191.0,2754.0,-9453.0,-860.0,-141.0,-2484.0,2519.0,2938.0,1978.0,7314.0,4104.0,-612.0
2754.0,-2893.0,-9453.0,-860.0,-141.0,-2484.0,2519.0,2938.0,1978.0,7314.0,4104.0,-612.0,-3191.0
-9453.0,9204.0,-860.0,-141.0,-2484.0,2519.0,2938.0,1978.0,7314.0,4104.0,-612.0,-3191.0,-2893.0
-860.0,3196.0,-141.0,-2484.0,2519.0,2938.0,1978.0,7314.0,4104.0,-612.0,-3191.0,-2893.0,9204.0
-141.0,3864.0,-2484.0,2519.0,2938.0,1978.0,7314.0,4104.0,-612.0,-3191.0,-2893.0,9204.0,3196.0
-2484.0,749.0,2519.0,2938.0,1978.0,7314.0,4104.0,-612.0,-3191.0,-2893.0,9204.0,3196.0,3864.0
2519.0,-2806.0,2938.0,1978.0,7314.0,4104.0,-612.0,-3191.0,-2893.0,9204.0,3196.0,3864.0,749.0
2938.0,2613.0,1978.0,7314.0,4104.0,-612.0,-3191.0,-2893.0,9204.0,3196.0,3864.0,749.0,-2806.0
1978.0,9098.0,7314.0,4104.0,-612.0,-3191.0,-2893.0,9204.0,3196.0,3864.0,749.0,-2806.0,2613.0
7314.0,-2025.0,4104.0,-612.0,-3191.0,-2893.0,9204.0,3196.0,3864.0,749.0,-2806.0,2613.0,9098.0
4104.0,587.0,-612.0,-3191.0,-2893.0,9204.0,3196.0,3864.0,749.0,-2806.0,2613.0,9098.0,-2025.0
-612.0,1428.0,-3191.0,-2893.0,9204.0,3196.0,3864.0,749.0,-2806.0,2613.0,9098.0,-2025.0,587.0
-3191.0,-1259.0,-2893.0,9204.0,3196.0,3864.0,749.0,-2806.0,2613.0,9098.0,-2025.0,587.0,1428.0
-2893.0,4423.0,9204.0,3196.0,3864.0,749.0,-2806.0,2613.0,9098.0,-2025.0,587.0,1428.0,-1259.0
9204.0,2009.0,3196.0,3864.0,749.0,-2806.0,2613.0,9098.0,-2025.0,587.0,1428.0,-1259.0,4423.0
3196.0,3434.0,3864.0,749.0,-2806.0,2613.0,9098.0,-2025.0,587.0,1428.0,-1259.0,4423.0,2009.0
3864.0,-5397.0,749.0,-2806.0,2613.0,9098.0,-2025.0,587.0,1428.0,-1259.0,4423.0,2009.0,3434.0
749.0,2939.0,-2806.0,2613.0,9098.0,-2025.0,587.0,1428.0,-1259.0,4423.0,2009.0,3434.0,-5397.0
-2806.0,4999.0,2613.0,9098.0,-2025.0,587.0,1428.0,-1259.0,4423.0,2009.0,3434.0,-5397.0,2939.0
2613.0,1016.0,9098.0,-2025.0,587.0,1428.0,-1259.0,4423.0,2009.0,3434.0,-5397.0,2939.0,4999.0
9098.0,-10894.0,-2025.0,587.0,1428.0,-1259.0,4423.0,2009.0,3434.0,-5397.0,2939.0,4999.0,1016.0
-2025.0,3195.0,587.0,1428.0,-1259.0,4423.0,2009.0,3434.0,-5397.0,2939.0,4999.0,1016.0,-10894.0
587.0,3050.0,1428.0,-1259.0,4423.0,2009.0,3434.0,-5397.0,2939.0,4999.0,1016.0,-10894.0,3195.0
1428.0,1481.0,-1259.0,4423.0,2009.0,3434.0,-5397.0,2939.0,4999.0,1016.0,-10894.0,3195.0,3050.0
-1259.0,7160.0,4423.0,2009.0,3434.0,-5397.0,2939.0,4999.0,1016.0,-10894.0,3195.0,3050.0,1481.0
4423.0,10973.0,2009.0,3434.0,-5397.0,2939.0,4999.0,1016.0,-10894.0,3195.0,3050.0,1481.0,7160.0
2009.0,235.0,3434.0,-5397.0,2939.0,4999.0,1016.0,-10894.0,3195.0,3050.0,1481.0,7160.0,10973.0
3434.0,357.0,-5397.0,2939.0,4999.0,1016.0,-10894.0,3195.0,3050.0,1481.0,7160.0,10973.0,235.0
-5397.0,9590.0,2939.0,4999.0,1016.0,-10894.0,3195.0,3050.0,1481.0,7160.0,10973.0,235.0,357.0
2939.0,1670.0,4999.0,1016.0,-10894.0,3195.0,3050.0,1481.0,7160.0,10973.0,235.0,357.0,9590.0
4999.0,-86.0,1016.0,-10894.0,3195.0,3050.0,1481.0,7160.0,10973.0,235.0,357.0,9590.0,1670.0
1016.0,2251.0,-10894.0,3195.0,3050.0,1481.0,7160.0,10973.0,235.0,357.0,9590.0,1670.0,-86.0
-10894.0,3432.0,3195.0,3050.0,1481.0,7160.0,10973.0,235.0,357.0,9590.0,1670.0,-86.0,2251.0
3195.0,8077.0,3050.0,1481.0,7160.0,10973.0,235.0,357.0,9590.0,1670.0,-86.0,2251.0,3432.0
3050.0,-3437.8200000000065,1481.0,7160.0,10973.0,235.0,357.0,9590.0,1670.0,-86.0,2251.0,3432.0,8077.0
1481.0,195.91999999999825,7160.0,10973.0,235.0,357.0,9590.0,1670.0,-86.0,2251.0,3432.0,8077.0,-3437.8200000000065
7160.0,-7092.550000000002,10973.0,235.0,357.0,9590.0,1670.0,-86.0,2251.0,3432.0,8077.0,-3437.8200000000065,195.91999999999825
10973.0,-13572.580000000002,235.0,357.0,9590.0,1670.0,-86.0,2251.0,3432.0,8077.0,-3437.8200000000065,195.91999999999825,-7092.550000000002
235.0,-6111.0,357.0,9590.0,1670.0,-86.0,2251.0,3432.0,8077.0,-3437.8200000000065,195.91999999999825,-7092.550000000002,-13572.580000000002
357.0,-4171.0,9590.0,1670.0,-86.0,2251.0,3432.0,8077.0,-3437.8200000000065,195.91999999999825,-7092.550000000002,-13572.580000000002,-6111.0
9590.0,-5659.0,1670.0,-86.0,2251.0,3432.0,8077.0,-3437.8200000000065,195.91999999999825,-7092.550000000002,-13572.580000000002,-6111.0,-4171.0
1670.0,774.0,-86.0,2251.0,3432.0,8077.0,-3437.8200000000065,195.91999999999825,-7092.550000000002,-13572.580000000002,-6111.0,-4171.0,-5659.0
-86.0,2064.0,2251.0,3432.0,8077.0,-3437.8200000000065,195.91999999999825,-7092.550000000002,-13572.580000000002,-6111.0,-4171.0,-5659.0,774.0
2251.0,1527.0,3432.0,8077.0,-3437.8200000000065,195.91999999999825,-7092.550000000002,-13572.580000000002,-6111.0,-4171.0,-5659.0,774.0,2064.0
3432.0,11307.0,8077.0,-3437.8200000000065,195.91999999999825,-7092.550000000002,-13572.580000000002,-6111.0,-4171.0,-5659.0,774.0,2064.0,1527.0
8077.0,3648.0,-3437.8200000000065,195.91999999999825,-7092.550000000002,-13572.580000000002,-6111.0,-4171.0,-5659.0,774.0,2064.0,1527.0,11307.0
-3437.8200000000065,4240.820000000007,195.91999999999825,-7092.550000000002,-13572.580000000002,-6111.0,-4171.0,-5659.0,774.0,2064.0,1527.0,11307.0,3648.0
195.91999999999825,5433.080000000002,-7092.550000000002,-13572.580000000002,-6111.0,-4171.0,-5659.0,774.0,2064.0,1527.0,11307.0,3648.0,4240.820000000007
-7092.550000000002,8268.550000000003,-13572.580000000002,-6111.0,-4171.0,-5659.0,774.0,2064.0,1527.0,11307.0,3648.0,4240.820000000007,5433.080000000002
-13572.580000000002,10788.580000000002,-6111.0,-4171.0,-5659.0,774.0,2064.0,1527.0,11307.0,3648.0,4240.820000000007,5433.080000000002,8268.550000000003
-6111.0,15043.0,-4171.0,-5659.0,774.0,2064.0,1527.0,11307.0,3648.0,4240.820000000007,5433.080000000002,8268.550000000003,10788.580000000002
-4171.0,12648.0,-5659.0,774.0,2064.0,1527.0,11307.0,3648.0,4240.820000000007,5433.080000000002,8268.550000000003,10788.580000000002,15043.0
-5659.0,4987.0,774.0,2064.0,1527.0,11307.0,3648.0,4240.820000000007,5433.080000000002,8268.550000000003,10788.580000000002,15043.0,12648.0
774.0,2796.0,2064.0,1527.0,11307.0,3648.0,4240.820000000007,5433.080000000002,8268.550000000003,10788.580000000002,15043.0,12648.0,4987.0
2064.0,-374.0,1527.0,11307.0,3648.0,4240.820000000007,5433.080000000002,8268.550000000003,10788.580000000002,15043.0,12648.0,4987.0,2796.0
1527.0,-2339.0,11307.0,3648.0,4240.820000000007,5433.080000000002,8268.550000000003,10788.580000000002,15043.0,12648.0,4987.0,2796.0,-374.0
11307.0,-3018.0,3648.0,4240.820000000007,5433.080000000002,8268.550000000003,10788.580000000002,15043.0,12648.0,4987.0,2796.0,-374.0,-2339.0
3648.0,-601.0,4240.820000000007,5433.080000000002,8268.550000000003,10788.580000000002,15043.0,12648.0,4987.0,2796.0,-374.0,-2339.0,-3018.0
4240.820000000007,128.0,5433.080000000002,8268.550000000003,10788.580000000002,15043.0,12648.0,4987.0,2796.0,-374.0,-2339.0,-3018.0,-601.0
5433.080000000002,-40.0,8268.550000000003,10788.580000000002,15043.0,12648.0,4987.0,2796.0,-374.0,-2339.0,-3018.0,-601.0,128.0
8268.550000000003,-2420.0,10788.580000000002,15043.0,12648.0,4987.0,2796.0,-374.0,-2339.0,-3018.0,-601.0,128.0,-40.0
10788.580000000002,-489.0,15043.0,12648.0,4987.0,2796.0,-374.0,-2339.0,-3018.0,-601.0,128.0,-40.0,-2420.0
15043.0,3601.0,12648.0,4987.0,2796.0,-374.0,-2339.0,-3018.0,-601.0,128.0,-40.0,-2420.0,-489.0
12648.0,-1811.0,4987.0,2796.0,-374.0,-2339.0,-3018.0,-601.0,128.0,-40.0,-2420.0,-489.0,3601.0
4987.0,-1616.0,2796.0,-374.0,-2339.0,-3018.0,-601.0,128.0,-40.0,-2420.0,-489.0,3601.0,-1811.0
2796.0,-1029.0,-374.0,-2339.0,-3018.0,-601.0,128.0,-40.0,-2420.0,-489.0,3601.0,-1811.0,-1616.0
-374.0,6813.0,-2339.0,-3018.0,-601.0,128.0,-40.0,-2420.0,-489.0,3601.0,-1811.0,-1616.0,-1029.0
-2339.0,1823.0,-3018.0,-601.0,128.0,-40.0,-2420.0,-489.0,3601.0,-1811.0,-1616.0,-1029.0,6813.0
-3018.0,-1496.0,-601.0,128.0,-40.0,-2420.0,-489.0,3601.0,-1811.0,-1616.0,-1029.0,6813.0,1823.0
-601.0,-3623.0,128.0,-40.0,-2420.0,-489.0,3601.0,-1811.0,-1616.0,-1029.0,6813.0,1823.0,-1496.0
128.0,3865.0,-40.0,-2420.0,-489.0,3601.0,-1811.0,-1616.0,-1029.0,6813.0,1823.0,-1496.0,-3623.0
-40.0,-772.0,-2420.0,-489.0,3601.0,-1811.0,-1616.0,-1029.0,6813.0,1823.0,-1496.0,-3623.0,3865.0
-2420.0,820.0,-489.0,3601.0,-1811.0,-1616.0,-1029.0,6813.0,1823.0,-1496.0,-3623.0,3865.0,-772.0
-489.0,2144.0,3601.0,-1811.0,-1616.0,-1029.0,6813.0,1823.0,-1496.0,-3623.0,3865.0,-772.0,820.0
3601.0,-3952.0,-1811.0,-1616.0,-1029.0,6813.0,1823.0,-1496.0,-3623.0,3865.0,-772.0,820.0,2144.0
-1811.0,-945.0,-1616.0,-1029.0,6813.0,1823.0,-1496.0,-3623.0,3865.0,-772.0,820.0,2144.0,-3952.0
-1616.0,8440.0,-1029.0,6813.0,1823.0,-1496.0,-3623.0,3865.0,-772.0,820.0,2144.0,-3952.0,-945.0
-1029.0,11.0,6813.0,1823.0,-1496.0,-3623.0,3865.0,-772.0,820.0,2144.0,-3952.0,-945.0,8440.0
6813.0,-4434.0,1823.0,-1496.0,-3623.0,3865.0,-772.0,820.0,2144.0,-3952.0,-945.0,8440.0,11.0
1823.0,11165.0,-1496.0,-3623.0,3865.0,-772.0,820.0,2144.0,-3952.0,-945.0,8440.0,11.0,-4434.0
-1496.0,12285.0,-3623.0,3865.0,-772.0,820.0,2144.0,-3952.0,-945.0,8440.0,11.0,-4434.0,11165.0
-3623.0,10684.0,3865.0,-772.0,820.0,2144.0,-3952.0,-945.0,8440.0,11.0,-4434.0,11165.0,12285.0
3865.0,2578.0,-772.0,820.0,2144.0,-3952.0,-945.0,8440.0,11.0,-4434.0,11165.0,12285.0,10684.0
-772.0,1469.0,820.0,2144.0,-3952.0,-945.0,8440.0,11.0,-4434.0,11165.0,12285.0,10684.0,2578.0
820.0,2503.0,2144.0,-3952.0,-945.0,8440.0,11.0,-4434.0,11165.0,12285.0,10684.0,2578.0,1469.0
2144.0,5201.0,-3952.0,-945.0,8440.0,11.0,-4434.0,11165.0,12285.0,10684.0,2578.0,1469.0,2503.0
-3952.0,-9065.0,-945.0,8440.0,11.0,-4434.0,11165.0,12285.0,10684.0,2578.0,1469.0,2503.0,5201.0
-945.0,853.0,8440.0,11.0,-4434.0,11165.0,12285.0,10684.0,2578.0,1469.0,2503.0,5201.0,-9065.0
8440.0,-4047.0,11.0,-4434.0,11165.0,12285.0,10684.0,2578.0,1469.0,2503.0,5201.0,-9065.0,853.0
11.0,-1541.0,-4434.0,11165.0,12285.0,10684.0,2578.0,1469.0,2503.0,5201.0,-9065.0,853.0,-4047.0
-4434.0,1550.0,11165.0,12285.0,10684.0,2578.0,1469.0,2503.0,5201.0,-9065.0,853.0,-4047.0,-1541.0
11165.0,-7033.0,12285.0,10684.0,2578.0,1469.0,2503.0,5201.0,-9065.0,853.0,-4047.0,-1541.0,1550.0
12285.0,1660.0,10684.0,2578.0,1469.0,2503.0,5201.0,-9065.0,853.0,-4047.0,-1541.0,1550.0,-7033.0
10684.0,-4187.0,2578.0,1469.0,2503.0,5201.0,-9065.0,853.0,-4047.0,-1541.0,1550.0,-7033.0,1660.0
2578.0,-6205.0,1469.0,2503.0,5201.0,-9065.0,853.0,-4047.0,-1541.0,1550.0,-7033.0,1660.0,-4187.0
1469.0,1799.0,2503.0,5201.0,-9065.0,853.0,-4047.0,-1541.0,1550.0,-7033.0,1660.0,-4187.0,-6205.0
2503.0,-617.0,5201.0,-9065.0,853.0,-4047.0,-1541.0,1550.0,-7033.0,1660.0,-4187.0,-6205.0,1799.0
5201.0,-10652.0,-9065.0,853.0,-4047.0,-1541.0,1550.0,-7033.0,1660.0,-4187.0,-6205.0,1799.0,-617.0
-9065.0,2440.0,853.0,-4047.0,-1541.0,1550.0,-7033.0,1660.0,-4187.0,-6205.0,1799.0,-617.0,-10652.0
853.0,9439.0,-4047.0,-1541.0,1550.0,-7033.0,1660.0,-4187.0,-6205.0,1799.0,-617.0,-10652.0,2440.0
-4047.0,2236.0,-1541.0,1550.0,-7033.0,1660.0,-4187.0,-6205.0,1799.0,-617.0,-10652.0,2440.0,9439.0
-1541.0,7080.0,1550.0,-7033.0,1660.0,-4187.0,-6205.0,1799.0,-617.0,-10652.0,2440.0,9439.0,2236.0
1550.0,533.0,-7033.0,1660.0,-4187.0,-6205.0,1799.0,-617.0,-10652.0,2440.0,9439.0,2236.0,7080.0
-7033.0,1434.0,1660.0,-4187.0,-6205.0,1799.0,-617.0,-10652.0,2440.0,9439.0,2236.0,7080.0,533.0
1660.0,-10555.0,-4187.0,-6205.0,1799.0,-617.0,-10652.0,2440.0,9439.0,2236.0,7080.0,533.0,1434.0
-4187.0,671.0,-6205.0,1799.0,-617.0,-10652.0,2440.0,9439.0,2236.0,7080.0,533.0,1434.0,-10555.0
-6205.0,4698.0,1799.0,-617.0,-10652.0,2440.0,9439.0,2236.0,7080.0,533.0,1434.0,-10555.0,671.0
1799.0,-2735.0,-617.0,-10652.0,2440.0,9439.0,2236.0,7080.0,533.0,1434.0,-10555.0,671.0,4698.0
-617.0,2281.0,-10652.0,2440.0,9439.0,2236.0,7080.0,533.0,1434.0,-10555.0,671.0,4698.0,-2735.0
-10652.0,6556.0,2440.0,9439.0,2236.0,7080.0,533.0,1434.0,-10555.0,671.0,4698.0,-2735.0,2281.0
2440.0,1891.0,9439.0,2236.0,7080.0,533.0,1434.0,-10555.0,671.0,4698.0,-2735.0,2281.0,6556.0
9439.0,-7459.0,2236.0,7080.0,533.0,1434.0,-10555.0,671.0,4698.0,-2735.0,2281.0,6556.0,1891.0
2236.0,-612.0,7080.0,533.0,1434.0,-10555.0,671.0,4698.0,-2735.0,2281.0,6556.0,1891.0,-7459.0
7080.0,-5895.0,533.0,1434.0,-10555.0,671.0,4698.0,-2735.0,2281.0,6556.0,1891.0,-7459.0,-612.0
533.0,-771.0,1434.0,-10555.0,671.0,4698.0,-2735.0,2281.0,6556.0,1891.0,-7459.0,-612.0,-5895.0
1434.0,553.0,-10555.0,671.0,4698.0,-2735.0,2281.0,6556.0,1891.0,-7459.0,-612.0,-5895.0,-771.0
-10555.0,3683.0,671.0,4698.0,-2735.0,2281.0,6556.0,1891.0,-7459.0,-612.0,-5895.0,-771.0,553.0
671.0,-10162.0,4698.0,-2735.0,2281.0,6556.0,1891.0,-7459.0,-612.0,-5895.0,-771.0,553.0,3683.0
4698.0,-2361.0,-2735.0,2281.0,6556.0,1891.0,-7459.0,-612.0,-5895.0,-771.0,553.0,3683.0,-10162.0
-2735.0,101.0,2281.0,6556.0,1891.0,-7459.0,-612.0,-5895.0,-771.0,553.0,3683.0,-10162.0,-2361.0
2281.0,-1536.0,6556.0,1891.0,-7459.0,-612.0,-5895.0,-771.0,553.0,3683.0,-10162.0,-2361.0,101.0
6556.0,-1541.0,1891.0,-7459.0,-612.0,-5895.0,-771.0,553.0,3683.0,-10162.0,-2361.0,101.0,-1536.0
1891.0,7258.0,-7459.0,-612.0,-5895.0,-771.0,553.0,3683.0,-10162.0,-2361.0,101.0,-1536.0,-1541.0
-7459.0,-3984.0,-612.0,-5895.0,-771.0,553.0,3683.0,-10162.0,-2361.0,101.0,-1536.0,-1541.0,7258.0
-612.0,-6077.0,-5895.0,-771.0,553.0,3683.0,-10162.0,-2361.0,101.0,-1536.0,-1541.0,7258.0,-3984.0
-5895.0,-1432.0,-771.0,553.0,3683.0,-10162.0,-2361.0,101.0,-1536.0,-1541.0,7258.0,-3984.0,-6077.0
-771.0,-4911.0,553.0,3683.0,-10162.0,-2361.0,101.0,-1536.0,-1541.0,7258.0,-3984.0,-6077.0,-1432.0
553.0,-9815.0,3683.0,-10162.0,-2361.0,101.0,-1536.0,-1541.0,7258.0,-3984.0,-6077.0,-1432.0,-4911.0
3683.0,-12249.0,-10162.0,-2361.0,101.0,-1536.0,-1541.0,7258.0,-3984.0,-6077.0,-1432.0,-4911.0,-9815.0
-10162.0,4350.0,-2361.0,101.0,-1536.0,-1541.0,7258.0,-3984.0,-6077.0,-1432.0,-4911.0,-9815.0,-12249.0
-2361.0,-4673.0,101.0,-1536.0,-1541.0,7258.0,-3984.0,-6077.0,-1432.0,-4911.0,-9815.0,-12249.0,4350.0
101.0,-2771.0,-1536.0,-1541.0,7258.0,-3984.0,-6077.0,-1432.0,-4911.0,-9815.0,-12249.0,4350.0,-4673.0
-1536.0,-7660.0,-1541.0,7258.0,-3984.0,-6077.0,-1432.0,-4911.0,-9815.0,-12249.0,4350.0,-4673.0,-2771.0
-1541.0,-683.0,7258.0,-3984.0,-6077.0,-1432.0,-4911.0,-9815.0,-12249.0,4350.0,-4673.0,-2771.0,-7660.0
7258.0,-6969.0,-3984.0,-6077.0,-1432.0,-4911.0,-9815.0,-12249.0,4350.0,-4673.0,-2771.0,-7660.0,-683.0
-3984.0,509.0,-6077.0,-1432.0,-4911.0,-9815.0,-12249.0,4350.0,-4673.0,-2771.0,-7660.0,-683.0,-6969.0
-6077.0,-5160.0,-1432.0,-4911.0,-9815.0,-12249.0,4350.0,-4673.0,-2771.0,-7660.0,-683.0,-6969.0,509.0
-1432.0,-4992.0,-4911.0,-9815.0,-12249.0,4350.0,-4673.0,-2771.0,-7660.0,-683.0,-6969.0,509.0,-5160.0
-4911.0,4221.0,-9815.0,-12249.0,4350.0,-4673.0,-2771.0,-7660.0,-683.0,-6969.0,509.0,-5160.0,-4992.0
-9815.0,9416.0,-12249.0,4350.0,-4673.0,-2771.0,-7660.0,-683.0,-6969.0,509.0,-5160.0,-4992.0,4221.0
-12249.0,16022.0,4350.0,-4673.0,-2771.0,-7660.0,-683.0,-6969.0,509.0,-5160.0,-4992.0,4221.0,9416.0
4350.0,1202.0,-4673.0,-2771.0,-7660.0,-683.0,-6969.0,509.0,-5160.0,-4992.0,4221.0,9416.0,16022.0
-4673.0,2528.0,-2771.0,-7660.0,-683.0,-6969.0,509.0,-5160.0,-4992.0,4221.0,9416.0,16022.0,1202.0
-2771.0,-1999.0,-7660.0,-683.0,-6969.0,509.0,-5160.0,-4992.0,4221.0,9416.0,16022.0,1202.0,2528.0
-7660.0,5495.0,-683.0,-6969.0,509.0,-5160.0,-4992.0,4221.0,9416.0,16022.0,1202.0,2528.0,-1999.0
-683.0,5926.0,-6969.0,509.0,-5160.0,-4992.0,4221.0,9416.0,16022.0,1202.0,2528.0,-1999.0,5495.0
-6969.0,3416.675000000003,509.0,-5160.0,-4992.0,4221.0,9416.0,16022.0,1202.0,2528.0,-1999.0,5495.0,5926.0
509.0,2601.4719999999943,-5160.0,-4992.0,4221.0,9416.0,16022.0,1202.0,2528.0,-1999.0,5495.0,5926.0,3416.675000000003
-5160.0,11412.664000000004,-4992.0,4221.0,9416.0,16022.0,1202.0,2528.0,-1999.0,5495.0,5926.0,3416.675000000003,2601.4719999999943
-4992.0,8509.75,4221.0,9416.0,16022.0,1202.0,2528.0,-1999.0,5495.0,5926.0,3416.675000000003,2601.4719999999943,11412.664000000004
4221.0,791.4089999999997,9416.0,16022.0,1202.0,2528.0,-1999.0,5495.0,5926.0,3416.675000000003,2601.4719999999943,11412.664000000004,8509.75
9416.0,-2128.8870000000024,16022.0,1202.0,2528.0,-1999.0,5495.0,5926.0,3416.675000000003,2601.4719999999943,11412.664000000004,8509.75,791.4089999999997
16022.0,2265.9600000000064,1202.0,2528.0,-1999.0,5495.0,5926.0,3416.675000000003,2601.4719999999943,11412.664000000004,8509.75,791.4089999999997,-2128.8870000000024
1202.0,-4020.6359999999986,2528.0,-1999.0,5495.0,5926.0,3416.675000000003,2601.4719999999943,11412.664000000004,8509.75,791.4089999999997,-2128.8870000000024,2265.9600000000064
2528.0,1959.0390000000045,-1999.0,5495.0,5926.0,3416.675000000003,2601.4719999999943,11412.664000000004,8509.75,791.4089999999997,-2128.8870000000024,2265.9600000000064,-4020.6359999999986
-1999.0,3141.3209999999963,5495.0,5926.0,3416.675000000003,2601.4719999999943,11412.664000000004,8509.75,791.4089999999997,-2128.8870000000024,2265.9600000000064,-4020.6359999999986,1959.0390000000045
5495.0,-2350.7649999999994,5926.0,3416.675000000003,2601.4719999999943,11412.664000000004,8509.75,791.4089999999997,-2128.8870000000024,2265.9600000000064,-4020.6359999999986,1959.0390000000045,3141.3209999999963
5926.0,-10764.038,3416.675000000003,2601.4719999999943,11412.664000000004,8509.75,791.4089999999997,-2128.8870000000024,2265.9600000000064,-4020.6359999999986,1959.0390000000045,3141.3209999999963,-2350.7649999999994
3416.675000000003,-4923.381999999998,2601.4719999999943,11412.664000000004,8509.75,791.4089999999997,-2128.8870000000024,2265.9600000000064,-4020.6359999999986,1959.0390000000045,3141.3209999999963,-2350.7649999999994,-10764.038
2601.4719999999943,-5435.065000000001,11412.664000000004,8509.75,791.4089999999997,-2128.8870000000024,2265.9600000000064,-4020.6359999999986,1959.0390000000045,3141.3209999999963,-2350.7649999999994,-10764.038,-4923.381999999998
11412.664000000004,-12811.206000000006,8509.75,791.4089999999997,-2128.8870000000024,2265.9600000000064,-4020.6359999999986,1959.0390000000045,3141.3209999999963,-2350.7649999999994,-10764.038,-4923.381999999998,-5435.065000000001
8509.75,-3783.3470000000093,791.4089999999997,-2128.8870000000024,2265.9600000000064,-4020.6359999999986,1959.0390000000045,3141.3209999999963,-2350.7649999999994,-10764.038,-4923.381999999998,-5435.065000000001,-12811.206000000006
791.4089999999997,320.04099999999744,-2128.8870000000024,2265.9600000000064,-4020.6359999999986,1959.0390000000045,3141.3209999999963,-2350.7649999999994,-10764.038,-4923.381999999998,-5435.065000000001,-12811.206000000006,-3783.3470000000093
-2128.8870000000024,-1244.6349999999948,2265.9600000000064,-4020.6359999999986,1959.0390000000045,3141.3209999999963,-2350.7649999999994,-10764.038,-4923.381999999998,-5435.065000000001,-12811.206000000006,-3783.3470000000093,320.04099999999744
2265.9600000000064,-318.6399999999994,-4020.6359999999986,1959.0390000000045,3141.3209999999963,-2350.7649999999994,-10764.038,-4923.381999999998,-5435.065000000001,-12811.206000000006,-3783.3470000000093,320.04099999999744,-1244.6349999999948
-4020.6359999999986,5665.665000000008,1959.0390000000045,3141.3209999999963,-2350.7649999999994,-10764.038,-4923.381999999998,-5435.065000000001,-12811.206000000006,-3783.3470000000093,320.04099999999744,-1244.6349999999948,-318.6399999999994
1959.0390000000045,-839.125,3141.3209999999963,-2350.7649999999994,-10764.038,-4923.381999999998,-5435.065000000001,-12811.206000000006,-3783.3470000000093,320.04099999999744,-1244.6349999999948,-318.6399999999994,5665.665000000008
3141.3209999999963,-1597.1339999999911,-2350.7649999999994,-10764.038,-4923.381999999998,-5435.065000000001,-12811.206000000006,-3783.3470000000093,320.04099999999744,-1244.6349999999948,-318.6399999999994,5665.665000000008,-839.125
-2350.7649999999994,6971.865000000005,-10764.038,-4923.381999999998,-5435.065000000001,-12811.206000000006,-3783.3470000000093,320.04099999999744,-1244.6349999999948,-318.6399999999994,5665.665000000008,-839.125,-1597.1339999999911
-10764.038,1042.1999999999969,-4923.381999999998,-5435.065000000001,-12811.206000000006,-3783.3470000000093,320.04099999999744,-1244.6349999999948,-318.6399999999994,5665.665000000008,-839.125,-1597.1339999999911,6971.865000000005
-4923.381999999998,3846.596000000005,-5435.065000000001,-12811.206000000006,-3783.3470000000093,320.04099999999744,-1244.6349999999948,-318.6399999999994,5665.665000000008,-839.125,-1597.1339999999911,6971.865000000005,1042.1999999999969
-5435.065000000001,8919.713000000002,-12811.206000000006,-3783.3470000000093,320.04099999999744,-1244.6349999999948,-318.6399999999994,5665.665000000008,-839.125,-1597.1339999999911,6971.865000000005,1042.1999999999969,3846.596000000005
-12811.206000000006,14960.823999999993,-3783.3470000000093,320.04099999999744,-1244.6349999999948,-318.6399999999994,5665.665000000008,-839.125,-1597.1339999999911,6971.865000000005,1042.1999999999969,3846.596000000005,8919.713000000002
-3783.3470000000093,2371.8190000000172,320.04099999999744,-1244.6349999999948,-318.6399999999994,5665.665000000008,-839.125,-1597.1339999999911,6971.865000000005,1042.1999999999969,3846.596000000005,8919.713000000002,14960.823999999993
320.04099999999744,-1014.5309999999879,-1244.6349999999948,-318.6399999999994,5665.665000000008,-839.125,-1597.1339999999911,6971.865000000005,1042.1999999999969,3846.596000000005,8919.713000000002,14960.823999999993,2371.8190000000172
-1244.6349999999948,971.097999999998,-318.6399999999994,5665.665000000008,-839.125,-1597.1339999999911,6971.865000000005,1042.1999999999969,3846.596000000005,8919.713000000002,14960.823999999993,2371.8190000000172,-1014.5309999999879
-318.6399999999994,2862.9180000000047,5665.665000000008,-839.125,-1597.1339999999911,6971.865000000005,1042.1999999999969,3846.596000000005,8919.713000000002,14960.823999999993,2371.8190000000172,-1014.5309999999879,971.097999999998
5665.665000000008,-5052.305000000008,-839.125,-1597.1339999999911,6971.865000000005,1042.1999999999969,3846.596000000005,8919.713000000002,14960.823999999993,2371.8190000000172,-1014.5309999999879,971.097999999998,2862.9180000000047
-839.125,511.7969999999914,-1597.1339999999911,6971.865000000005,1042.1999999999969,3846.596000000005,8919.713000000002,14960.823999999993,2371.8190000000172,-1014.5309999999879,971.097999999998,2862.9180000000047,-5052.305000000008
-1597.1339999999911,2914.9100000000035,6971.865000000005,1042.1999999999969,3846.596000000005,8919.713000000002,14960.823999999993,2371.8190000000172,-1014.5309999999879,971.097999999998,2862.9180000000047,-5052.305000000008,511.7969999999914
6971.865000000005,1445.3959999999936,1042.1999999999969,3846.596000000005,8919.713000000002,14960.823999999993,2371.8190000000172,-1014.5309999999879,971.097999999998,2862.9180000000047,-5052.305000000008,511.7969999999914,2914.9100000000035
1042.1999999999969,8314.801000000007,3846.596000000005,8919.713000000002,14960.823999999993,2371.8190000000172,-1014.5309999999879,971.097999999998,2862.9180000000047,-5052.305000000008,511.7969999999914,2914.9100000000035,1445.3959999999936
3846.596000000005,11864.483999999995,8919.713000000002,14960.823999999993,2371.8190000000172,-1014.5309999999879,971.097999999998,2862.9180000000047,-5052.305000000008,511.7969999999914,2914.9100000000035,1445.3959999999936,8314.801000000007
8919.713000000002,5008.465999999999,14960.823999999993,2371.8190000000172,-1014.5309999999879,971.097999999998,2862.9180000000047,-5052.305000000008,511.7969999999914,2914.9100000000035,1445.3959999999936,8314.801000000007,11864.483999999995
14960.823999999993,6236.404999999999,2371.8190000000172,-1014.5309999999879,971.097999999998,2862.9180000000047,-5052.305000000008,511.7969999999914,2914.9100000000035,1445.3959999999936,8314.801000000007,11864.483999999995,5008.465999999999
2371.8190000000172,516.9379999999946,-1014.5309999999879,971.097999999998,2862.9180000000047,-5052.305000000008,511.7969999999914,2914.9100000000035,1445.3959999999936,8314.801000000007,11864.483999999995,5008.465999999999,6236.404999999999
-1014.5309999999879,-2773.273000000016,971.097999999998,2862.9180000000047,-5052.305000000008,511.7969999999914,2914.9100000000035,1445.3959999999936,8314.801000000007,11864.483999999995,5008.465999999999,6236.404999999999,516.9379999999946
971.097999999998,-644.7519999999931,2862.9180000000047,-5052.305000000008,511.7969999999914,2914.9100000000035,1445.3959999999936,8314.801000000007,11864.483999999995,5008.465999999999,6236.404999999999,516.9379999999946,-2773.273000000016
2862.9180000000047,-12022.716000000017,-5052.305000000008,511.7969999999914,2914.9100000000035,1445.3959999999936,8314.801000000007,11864.483999999995,5008.465999999999,6236.404999999999,516.9379999999946,-2773.273000000016,-644.7519999999931
-5052.305000000008,-2874.365000000005,511.7969999999914,2914.9100000000035,1445.3959999999936,8314.801000000007,11864.483999999995,5008.465999999999,6236.404999999999,516.9379999999946,-2773.273000000016,-644.7519999999931,-12022.716000000017
511.7969999999914,-161.6459999999934,2914.9100000000035,1445.3959999999936,8314.801000000007,11864.483999999995,5008.465999999999,6236.404999999999,516.9379999999946,-2773.273000000016,-644.7519999999931,-12022.716000000017,-2874.365000000005
2914.9100000000035,-3059.025000000009,1445.3959999999936,8314.801000000007,11864.483999999995,5008.465999999999,6236.404999999999,516.9379999999946,-2773.273000000016,-644.7519999999931,-12022.716000000017,-2874.365000000005,-161.6459999999934
1445.3959999999936,-2011.9959999999994,8314.801000000007,11864.483999999995,5008.465999999999,6236.404999999999,516.9379999999946,-2773.273000000016,-644.7519999999931,-12022.716000000017,-2874.365000000005,-161.6459999999934,-3059.025000000009
8314.801000000007,-5932.942999999998,11864.483999999995,5008.465999999999,6236.404999999999,516.9379999999946,-2773.273000000016,-644.7519999999931,-12022.716000000017,-2874.365000000005,-161.6459999999934,-3059.025000000009,-2011.9959999999994
11864.483999999995,-4621.839000000006,5008.465999999999,6236.404999999999,516.9379999999946,-2773.273000000016,-644.7519999999931,-12022.716000000017,-2874.365000000005,-161.6459999999934,-3059.025000000009,-2011.9959999999994,-5932.942999999998
5008.465999999999,7237.537000000011,6236.404999999999,516.9379999999946,-2773.273000000016,-644.7519999999931,-12022.716000000017,-2874.365000000005,-161.6459999999934,-3059.025000000009,-2011.9959999999994,-5932.942999999998,-4621.839000000006
6236.404999999999,-2042.6119999999935,516.9379999999946,-2773.273000000016,-644.7519999999931,-12022.716000000017,-2874.365000000005,-161.6459999999934,-3059.025000000009,-2011.9959999999994,-5932.942999999998,-4621.839000000006,7237.537000000011
516.9379999999946,-1227.8080000000043,-2773.273000000016,-644.7519999999931,-12022.716000000017,-2874.365000000005,-161.6459999999934,-3059.025000000009,-2011.9959999999994,-5932.942999999998,-4621.839000000006,7237.537000000011,-2042.6119999999935
-2773.273000000016,5440.522000000012,-644.7519999999931,-12022.716000000017,-2874.365000000005,-161.6459999999934,-3059.025000000009,-2011.9959999999994,-5932.942999999998,-4621.839000000006,7237.537000000011,-2042.6119999999935,-1227.8080000000043
-644.7519999999931,-379.00600000000844,-12022.716000000017,-2874.365000000005,-161.6459999999934,-3059.025000000009,-2011.9959999999994,-5932.942999999998,-4621.839000000006,7237.537000000011,-2042.6119999999935,-1227.8080000000043,5440.522000000012
-12022.716000000017,3231.069999999993,-2874.365000000005,-161.6459999999934,-3059.025000000009,-2011.9959999999994,-5932.942999999998,-4621.839000000006,7237.537000000011,-2042.6119999999935,-1227.8080000000043,5440.522000000012,-379.00600000000844
-2874.365000000005,6625.55799999999,-161.6459999999934,-3059.025000000009,-2011.9959999999994,-5932.942999999998,-4621.839000000006,7237.537000000011,-2042.6119999999935,-1227.8080000000043,5440.522000000012,-379.00600000000844,3231.069999999993
-161.6459999999934,5288.959999999992,-3059.025000000009,-2011.9959999999994,-5932.942999999998,-4621.839000000006,7237.537000000011,-2042.6119999999935,-1227.8080000000043,5440.522000000012,-379.00600000000844,3231.069999999993,6625.55799999999
-3059.025000000009,-520.9640000000072,-2011.9959999999994,-5932.942999999998,-4621.839000000006,7237.537000000011,-2042.6119999999935,-1227.8080000000043,5440.522000000012,-379.00600000000844,3231.069999999993,6625.55799999999,5288.959999999992
-2011.9959999999994,-8318.313999999997,-5932.942999999998,-4621.839000000006,7237.537000000011,-2042.6119999999935,-1227.8080000000043,5440.522000000012,-379.00600000000844,3231.069999999993,6625.55799999999,5288.959999999992,-520.9640000000072
-5932.942999999998,-11990.689000000013,-4621.839000000006,7237.537000000011,-2042.6119999999935,-1227.8080000000043,5440.522000000012,-379.00600000000844,3231.069999999993,6625.55799999999,5288.959999999992,-520.9640000000072,-8318.313999999997
-4621.839000000006,-6432.960999999997,7237.537000000011,-2042.6119999999935,-1227.8080000000043,5440.522000000012,-379.00600000000844,3231.069999999993,6625.55799999999,5288.959999999992,-520.9640000000072,-8318.313999999997,-11990.689000000013
7237.537000000011,-16186.292000000018,-2042.6119999999935,-1227.8080000000043,5440.522000000012,-379.00600000000844,3231.069999999993,6625.55799999999,5288.959999999992,-520.9640000000072,-8318.313999999997,-11990.689000000013,-6432.960999999997
-2042.6119999999935,-17411.097999999998,-1227.8080000000043,5440.522000000012,-379.00600000000844,3231.069999999993,6625.55799999999,5288.959999999992,-520.9640000000072,-8318.313999999997,-11990.689000000013,-6432.960999999997,-16186.292000000018
-1227.8080000000043,-1861.2679999999966,5440.522000000012,-379.00600000000844,3231.069999999993,6625.55799999999,5288.959999999992,-520.9640000000072,-8318.313999999997,-11990.689000000013,-6432.960999999997,-16186.292000000018,-17411.097999999998
5440.522000000012,-3064.349000000002,-379.00600000000844,3231.069999999993,6625.55799999999,5288.959999999992,-520.9640000000072,-8318.313999999997,-11990.689000000013,-6432.960999999997,-16186.292000000018,-17411.097999999998,-1861.2679999999966
-379.00600000000844,507.2079999999987,3231.069999999993,6625.55799999999,5288.959999999992,-520.9640000000072,-8318.313999999997,-11990.689000000013,-6432.960999999997,-16186.292000000018,-17411.097999999998,-1861.2679999999966,-3064.349000000002
3231.069999999993,5231.289000000004,6625.55799999999,5288.959999999992,-520.9640000000072,-8318.313999999997,-11990.689000000013,-6432.960999999997,-16186.292000000018,-17411.097999999998,-1861.2679999999966,-3064.349000000002,507.2079999999987
6625.55799999999,8604.400000000009,5288.959999999992,-520.9640000000072,-8318.313999999997,-11990.689000000013,-6432.960999999997,-16186.292000000018,-17411.097999999998,-1861.2679999999966,-3064.349000000002,507.2079999999987,5231.289000000004
5288.959999999992,-1091.5499999999884,-520.9640000000072,-8318.313999999997,-11990.689000000013,-6432.960999999997,-16186.292000000018,-17411.097999999998,-1861.2679999999966,-3064.349000000002,507.2079999999987,5231.289000000004,8604.400000000009
-520.9640000000072,-1266.697,-8318.313999999997,-11990.689000000013,-6432.960999999997,-16186.292000000018,-17411.097999999998,-1861.2679999999966,-3064.349000000002,507.2079999999987,5231.289000000004,8604.400000000009,-1091.5499999999884
-8318.313999999997,3765.661000000007,-11990.689000000013,-6432.960999999997,-16186.292000000018,-17411.097999999998,-1861.2679999999966,-3064.349000000002,507.2079999999987,5231.289000000004,8604.400000000009,-1091.5499999999884,-1266.697
-11990.689000000013,13958.189000000013,-6432.960999999997,-16186.292000000018,-17411.097999999998,-1861.2679999999966,-3064.349000000002,507.2079999999987,5231.289000000004,8604.400000000009,-1091.5499999999884,-1266.697,3765.661000000007
-6432.960999999997,-5018.879999999989,-16186.292000000018,-17411.097999999998,-1861.2679999999966,-3064.349000000002,507.2079999999987,5231.289000000004,8604.400000000009,-1091.5499999999884,-1266.697,3765.661000000007,13958.189000000013
-16186.292000000018,-8078.332999999984,-17411.097999999998,-1861.2679999999966,-3064.349000000002,507.2079999999987,5231.289000000004,8604.400000000009,-1091.5499999999884,-1266.697,3765.661000000007,13958.189000000013,-5018.879999999989
-17411.097999999998,11175.053,-1861.2679999999966,-3064.349000000002,507.2079999999987,5231.289000000004,8604.400000000009,-1091.5499999999884,-1266.697,3765.661000000007,13958.189000000013,-5018.879999999989,-8078.332999999984
-1861.2679999999966,-2954.216000000001,-3064.349000000002,507.2079999999987,5231.289000000004,8604.400000000009,-1091.5499999999884,-1266.697,3765.661000000007,13958.189000000013,-5018.879999999989,-8078.332999999984,11175.053
-3064.349000000002,-2825.488000000012,507.2079999999987,5231.289000000004,8604.400000000009,-1091.5499999999884,-1266.697,3765.661000000007,13958.189000000013,-5018.879999999989,-8078.332999999984,11175.053,-2954.216000000001
507.2079999999987,-518.4320000000007,5231.289000000004,8604.400000000009,-1091.5499999999884,-1266.697,3765.661000000007,13958.189000000013,-5018.879999999989,-8078.332999999984,11175.053,-2954.216000000001,-2825.488000000012
5231.289000000004,-6368.937999999979,8604.400000000009,-1091.5499999999884,-1266.697,3765.661000000007,13958.189000000013,-5018.879999999989,-8078.332999999984,11175.053,-2954.216000000001,-2825.488000000012,-518.4320000000007
8604.400000000009,-12486.546999999993,-1091.5499999999884,-1266.697,3765.661000000007,13958.189000000013,-5018.879999999989,-8078.332999999984,11175.053,-2954.216000000001,-2825.488000000012,-518.4320000000007,-6368.937999999979
-1091.5499999999884,-3628.665999999997,-1266.697,3765.661000000007,13958.189000000013,-5018.879999999989,-8078.332999999984,11175.053,-2954.216000000001,-2825.488000000012,-518.4320000000007,-6368.937999999979,-12486.546999999993
-1266.697,620.1360000000133,3765.661000000007,13958.189000000013,-5018.879999999989,-8078.332999999984,11175.053,-2954.216000000001,-2825.488000000012,-518.4320000000007,-6368.937999999979,-12486.546999999993,-3628.665999999997
3765.661000000007,3552.1110000000044,13958.189000000013,-5018.879999999989,-8078.332999999984,11175.053,-2954.216000000001,-2825.488000000012,-518.4320000000007,-6368.937999999979,-12486.546999999993,-3628.665999999997,620.1360000000133
13958.189000000013,3630.849000000002,-5018.879999999989,-8078.332999999984,11175.053,-2954.216000000001,-2825.488000000012,-518.4320000000007,-6368.937999999979,-12486.546999999993,-3628.665999999997,620.1360000000133,3552.1110000000044